{
  "learned": {
    "mean_purity": 0.9375,
    "mean_ari": 0.7634988742422787,
    "mean_nmi": 0.7551405645831777,
    "mean_ess": 91.76450653076172,
    "query_accuracy": 0.2,
    "mean_sensitivity": 0.782502293586731,
    "mean_query_regret": 0.430784273147583,
    "mean_transport_gap": 4.188100695610046,
    "final_purity": 1.0,
    "final_ari": 1.0,
    "final_nmi": 1.0,
    "final_ess": 119.99996948242188,
    "final_query_regret": 1.2694849967956543,
    "final_transport_gap": 5.562311172485352
  },
  "deficit": {
    "mean_purity": 0.85,
    "mean_ari": 0.3355539943842265,
    "mean_nmi": 0.4098863204974119,
    "mean_ess": 96.49888534545899,
    "query_accuracy": 0.3,
    "mean_sensitivity": 0.8248571634292603,
    "mean_query_regret": 0.4910950899124146,
    "mean_transport_gap": 2.8981913447380068,
    "final_purity": 0.8333333333333334,
    "final_ari": 0.4221105527638191,
    "final_nmi": 0.4561647835259972,
    "final_ess": 116.39356994628906,
    "final_query_regret": 0.0,
    "final_transport_gap": 1.8992176055908203
  },
  "coverage_then_deficit": {
    "mean_purity": 0.7666666666666666,
    "mean_ari": 0.28758137474891254,
    "mean_nmi": 0.3641838667808371,
    "mean_ess": 85.59857177734375,
    "query_accuracy": 0.1,
    "mean_sensitivity": 0.8757501125335694,
    "mean_query_regret": 0.3174421310424805,
    "mean_transport_gap": 2.8508278846740724,
    "final_purity": 0.75,
    "final_ari": 0.0,
    "final_nmi": 0.0,
    "final_ess": 119.99996948242188,
    "final_query_regret": 0.09836316108703613,
    "final_transport_gap": 1.5675575733184814
  },
  "round_robin": {
    "mean_purity": 0.8291666666666668,
    "mean_ari": 0.394772000491781,
    "mean_nmi": 0.4392831429561478,
    "mean_ess": 105.18954315185547,
    "query_accuracy": 0.1,
    "mean_sensitivity": 0.8645763874053956,
    "mean_query_regret": 0.4765376806259155,
    "mean_transport_gap": 2.801940548419952,
    "final_purity": 0.75,
    "final_ari": -0.05309734513274336,
    "final_nmi": 0.03936649808707164,
    "final_ess": 119.99996948242188,
    "final_query_regret": 0.22163772583007812,
    "final_transport_gap": 2.8360533714294434
  },
  "random": {
    "mean_purity": 0.85,
    "mean_ari": 0.4030203276272891,
    "mean_nmi": 0.4173104327927123,
    "mean_ess": 104.53558464050293,
    "query_accuracy": 0.1,
    "mean_sensitivity": 0.8323258638381958,
    "mean_query_regret": 0.42614858150482177,
    "mean_transport_gap": 3.8534114956855774,
    "final_purity": 0.9583333333333334,
    "final_ari": 0.8212233862791484,
    "final_nmi": 0.7439763872715025,
    "final_ess": 102.4759521484375,
    "final_query_regret": 0.249769926071167,
    "final_transport_gap": 1.1309789419174194
  },
  "teacher": {
    "mean_purity": 0.975,
    "mean_ari": 0.7953122405771405,
    "mean_nmi": 0.8449339033978636,
    "mean_ess": 100.00585250854492,
    "query_accuracy": 1.0,
    "mean_sensitivity": 1.3914045095443726,
    "mean_query_regret": 0.0,
    "mean_transport_gap": 2.5942704141139985,
    "final_purity": 0.7916666666666666,
    "final_ari": 0.35530755255644947,
    "final_nmi": 0.523827185694243,
    "final_ess": 76.88726043701172,
    "final_query_regret": 0.0,
    "final_transport_gap": 1.837697982788086
  }
}