{
  "mean_purity": 0.9416666666666667,
  "mean_ari": 0.7200889031061539,
  "mean_nmi": 0.7517410165055659,
  "mean_ess": 99.1417667388916,
  "mean_effective_modes": 3.7200334310531615,
  "query_accuracy": 0.0,
  "mean_sensitivity": 1.1338973760604858,
  "mean_query_regret": 0.29632546901702883,
  "mean_transport_gap": 3.101009476184845,
  "final_purity": 1.0,
  "final_ari": 0.48049281314168385,
  "final_nmi": 0.7271507824894444,
  "final_ess": 98.31385040283203,
  "final_effective_modes": 3.9999890327453613,
  "final_query_regret": 0.6064629554748535,
  "final_transport_gap": 3.4414255619049072,
  "final_observed_freq": [
    0.25,
    0.041666666666666664,
    0.625,
    0.08333333333333333
  ],
  "final_observed_hist": [
    60.0,
    10.0,
    150.0,
    20.0
  ],
  "target_freq": [
    0.5375000238418579,
    0.08749999850988388,
    0.24062499403953552,
    0.13437500596046448
  ]
}