{
  "learned": {
    "mean_purity": 0.8416666666666668,
    "mean_ari": 0.44642212508716295,
    "mean_nmi": 0.5361105169153202,
    "mean_ess": 118.16697998046875,
    "mean_effective_modes": 3.999992513656616,
    "query_accuracy": 0.0,
    "mean_sensitivity": 1.269988739490509,
    "mean_query_regret": 0.7801989912986755,
    "mean_transport_gap": 4.972030401229858,
    "final_purity": 0.75,
    "final_ari": -0.03072983354673488,
    "final_nmi": 0.2027374763687365,
    "final_ess": 117.98463439941406,
    "final_effective_modes": 3.999995231628418,
    "final_query_regret": 0.4237327575683594,
    "final_transport_gap": 5.56028938293457
  },
  "deficit": {
    "mean_purity": 0.9583333333333334,
    "mean_ari": 0.8198981920065931,
    "mean_nmi": 0.832984117429602,
    "mean_ess": 101.41226768493652,
    "mean_effective_modes": 3.9590944051742554,
    "query_accuracy": 0.3,
    "mean_sensitivity": 0.794674277305603,
    "mean_query_regret": 0.200467848777771,
    "mean_transport_gap": 2.1341144502162934,
    "final_purity": 0.9583333333333334,
    "final_ari": 0.8281909710945112,
    "final_nmi": 0.7598737418084622,
    "final_ess": 119.99996948242188,
    "final_effective_modes": 3.9999895095825195,
    "final_query_regret": 0.0,
    "final_transport_gap": 1.9812594652175903
  },
  "coverage_then_deficit": {
    "mean_purity": 0.8791666666666667,
    "mean_ari": 0.6494133441113038,
    "mean_nmi": 0.6960550278904147,
    "mean_ess": 96.47063331604004,
    "mean_effective_modes": 3.715491831302643,
    "query_accuracy": 0.2,
    "mean_sensitivity": 0.8020048141479492,
    "mean_query_regret": 0.20604496002197265,
    "mean_transport_gap": 2.386369851231575,
    "final_purity": 0.8333333333333334,
    "final_ari": 0.6187845303867403,
    "final_nmi": 0.5532134008379241,
    "final_ess": 81.54844665527344,
    "final_effective_modes": 3.9999918937683105,
    "final_query_regret": 0.1102454662322998,
    "final_transport_gap": 4.230920791625977
  },
  "round_robin": {
    "mean_purity": 0.95,
    "mean_ari": 0.8953117896773151,
    "mean_nmi": 0.9072308909705826,
    "mean_ess": 108.08672256469727,
    "mean_effective_modes": 3.7385518074035646,
    "query_accuracy": 0.1,
    "mean_sensitivity": 0.8410922169685364,
    "mean_query_regret": 0.32956854104995725,
    "mean_transport_gap": 2.4007288217544556,
    "final_purity": 1.0,
    "final_ari": 1.0,
    "final_nmi": 1.0,
    "final_ess": 93.727783203125,
    "final_effective_modes": 3.9982175827026367,
    "final_query_regret": 0.2501373291015625,
    "final_transport_gap": 2.4175736904144287
  },
  "random": {
    "mean_purity": 0.8875,
    "mean_ari": 0.5012422146859816,
    "mean_nmi": 0.5356877049697345,
    "mean_ess": 95.38922996520996,
    "mean_effective_modes": 3.8216376304626465,
    "query_accuracy": 0.0,
    "mean_sensitivity": 1.073712205886841,
    "mean_query_regret": 0.6406262159347534,
    "mean_transport_gap": 2.633538103103638,
    "final_purity": 1.0,
    "final_ari": 1.0,
    "final_nmi": 1.0,
    "final_ess": 105.37300109863281,
    "final_effective_modes": 3.999983310699463,
    "final_query_regret": 0.9982869625091553,
    "final_transport_gap": 2.7725303173065186
  },
  "teacher": {
    "mean_purity": 0.9166666666666666,
    "mean_ari": 0.6923651924913579,
    "mean_nmi": 0.7741513141763685,
    "mean_ess": 101.98810920715331,
    "mean_effective_modes": 3.188487231731415,
    "query_accuracy": 1.0,
    "mean_sensitivity": 0.8310699939727784,
    "mean_query_regret": 0.0,
    "mean_transport_gap": 1.318516370654106,
    "final_purity": 1.0,
    "final_ari": 1.0,
    "final_nmi": 1.0,
    "final_ess": 101.93083190917969,
    "final_effective_modes": 3.9999494552612305,
    "final_query_regret": 0.0,
    "final_transport_gap": 1.6410664319992065
  }
}