{
  "mean_purity": 0.5260416666666666,
  "mean_ari": 0.3335627036277007,
  "mean_nmi": 0.5358541305143729,
  "mean_ess": 1.5207169502973557,
  "query_accuracy": 0.625,
  "mean_sensitivity": 0.328408882021904,
  "mean_transport_gap": 0.5815748870372772,
  "final_purity": 0.5,
  "final_ari": 0.4651162790697675,
  "final_nmi": 0.7071067811865476,
  "final_ess": 1.0139881372451782,
  "final_transport_gap": 0.2844594419002533
}