{
  "mean_purity": 0.8171296296296297,
  "mean_ari": 0.6361727078891414,
  "mean_nmi": 0.7092264156062046,
  "mean_ess": 76.08189519246419,
  "mean_effective_modes": 1.455826650063197,
  "query_accuracy": 1.0,
  "mean_sensitivity": 0.0,
  "mean_query_regret": 0.0,
  "mean_transport_gap": 2.3518292903900146,
  "final_purity": 0.7222222222222222,
  "final_ari": 0.34480278807324216,
  "final_nmi": 0.6134825377212839,
  "final_ess": 59.995906829833984,
  "final_effective_modes": 1.8001848459243774,
  "final_query_regret": 0.0,
  "final_transport_gap": 2.8858728408813477,
  "final_observed_freq": [
    0.13657407407407407,
    0.2962962962962963,
    0.1412037037037037,
    0.42592592592592593
  ],
  "final_observed_hist": [
    59.0,
    128.0,
    61.0,
    184.0
  ],
  "target_freq": [
    0.13875000178813934,
    0.29624998569488525,
    0.14875000715255737,
    0.41624999046325684
  ]
}