{
  "final_purity": 0.46875,
  "final_ari": 0.1216614197217427,
  "final_nmi": 0.3607359799702702,
  "final_ess": 2.7783946990966797,
  "final_cluster_entropy": 1.3862943649291992,
  "mean_purity": 0.509375,
  "mean_ari": 0.12534274294307338,
  "mean_nmi": 0.2881177195933461,
  "mean_nll": 63.231099700927736
}