{
  "mean_batch_nll": 153.55507049560546,
  "mean_ess": 74.0168613433838,
  "mean_cluster_entropy": 1.3862943649291992,
  "final_batch_nll": 164.5526123046875,
  "final_ess": 49.448081970214844
}