{
  "mean_purity": 0.9125,
  "mean_ari": 0.6177336299371028,
  "mean_nmi": 0.6163298735879461,
  "mean_ess": 122.52947273254395,
  "query_accuracy": 0.2,
  "mean_sensitivity": 0.9715780735015869,
  "mean_query_regret": 0.4570666790008545,
  "mean_transport_gap": 3.2145980536937713,
  "final_purity": 0.9166666666666666,
  "final_ari": 0.800257317465423,
  "final_nmi": 0.7051389712963746,
  "final_ess": 146.03611755371094,
  "final_query_regret": 0.07314896583557129,
  "final_transport_gap": 6.114977836608887
}